Id,SleepDay,TotalSleepRecords,TotalMinutesAsleep,TotalTimeInBed,Day,PartOfWeek,DayOfWeek,TimeOfWeek
2320127002,4/23/2016,1,61,69,7,Saturday-Weekend,Saturday,Weekend
8053475328,4/23/2016,1,331,337,7,Saturday-Weekend,Saturday,Weekend
8053475328,5/7/2016,1,74,75,7,Saturday-Weekend,Saturday,Weekend
8053475328,4/20/2016,1,486,493,4,Wednesday-Weekday,Wednesday,Weekday
1644430081,5/2/2016,1,796,961,2,Monday-Weekday,Monday,Weekday
1644430081,5/8/2016,1,137,154,1,Sunday-Weekend,Sunday,Weekend
1644430081,4/29/2016,1,119,127,6,Friday-Weekday,Friday,Weekday
1644430081,4/30/2016,1,124,142,7,Saturday-Weekend,Saturday,Weekend
4558609924,4/21/2016,1,126,137,5,Thursday-Weekday,Thursday,Weekday
4558609924,4/29/2016,1,171,179,6,Friday-Weekday,Friday,Weekday
4558609924,5/1/2016,1,115,129,1,Sunday-Weekend,Sunday,Weekend
4558609924,4/26/2016,1,103,121,3,Tuesday-Weekday,Tuesday,Weekday
4558609924,5/8/2016,1,123,134,1,Sunday-Weekend,Sunday,Weekend
4319703577,4/14/2016,1,535,557,5,Thursday-Weekday,Thursday,Weekday
4319703577,4/27/2016,1,286,307,4,Wednesday-Weekday,Wednesday,Weekday
4319703577,4/25/2016,1,488,506,2,Monday-Weekday,Monday,Weekday
4319703577,5/1/2016,1,484,500,1,Sunday-Weekend,Sunday,Weekend
4319703577,4/24/2016,1,467,501,1,Sunday-Weekend,Sunday,Weekend
4319703577,4/16/2016,1,506,522,7,Saturday-Weekend,Saturday,Weekend
4319703577,5/11/2016,1,529,558,4,Wednesday-Weekday,Wednesday,Weekday
4319703577,5/7/2016,1,507,530,7,Saturday-Weekend,Saturday,Weekend
4319703577,5/2/2016,1,478,506,2,Monday-Weekday,Monday,Weekday
4319703577,4/28/2016,1,497,522,5,Thursday-Weekday,Thursday,Weekday
4319703577,4/29/2016,1,523,546,6,Friday-Weekday,Friday,Weekday
4319703577,4/15/2016,1,465,491,6,Friday-Weekday,Friday,Weekday
4319703577,4/23/2016,1,692,722,7,Saturday-Weekend,Saturday,Weekend
4319703577,4/26/2016,1,505,516,3,Tuesday-Weekday,Tuesday,Weekday
4319703577,5/6/2016,1,450,491,6,Friday-Weekday,Friday,Weekday
4319703577,5/10/2016,1,487,517,3,Tuesday-Weekday,Tuesday,Weekday
4319703577,4/21/2016,1,59,65,5,Thursday-Weekday,Thursday,Weekday
4319703577,5/8/2016,1,602,638,1,Sunday-Weekend,Sunday,Weekend
4319703577,4/18/2016,1,515,551,2,Monday-Weekday,Monday,Weekday
4319703577,5/3/2016,1,474,512,3,Tuesday-Weekday,Tuesday,Weekday
4319703577,5/9/2016,1,535,565,2,Monday-Weekday,Monday,Weekday
4319703577,4/20/2016,1,523,543,4,Wednesday-Weekday,Wednesday,Weekday
4319703577,4/30/2016,1,490,516,7,Saturday-Weekend,Saturday,Weekend
4319703577,4/22/2016,1,533,550,6,Friday-Weekday,Friday,Weekday
4319703577,5/12/2016,1,302,321,5,Thursday-Weekday,Thursday,Weekday
1503960366,4/17/2016,1,700,712,1,Sunday-Weekend,Sunday,Weekend
1503960366,4/23/2016,1,361,384,7,Saturday-Weekend,Saturday,Weekend
1503960366,5/7/2016,1,331,349,7,Saturday-Weekend,Saturday,Weekend
1503960366,4/21/2016,1,325,364,5,Thursday-Weekday,Thursday,Weekday
1503960366,5/1/2016,1,369,396,1,Sunday-Weekend,Sunday,Weekend
1503960366,5/5/2016,1,247,264,5,Thursday-Weekday,Thursday,Weekday
1503960366,4/25/2016,1,277,323,2,Monday-Weekday,Monday,Weekday
1503960366,4/12/2016,1,327,346,3,Tuesday-Weekday,Tuesday,Weekday
1503960366,5/6/2016,1,334,367,6,Friday-Weekday,Friday,Weekday
1503960366,5/9/2016,1,338,342,2,Monday-Weekday,Monday,Weekday
1503960366,4/20/2016,1,360,377,4,Wednesday-Weekday,Wednesday,Weekday
1503960366,5/2/2016,1,277,309,2,Monday-Weekday,Monday,Weekday
1503960366,5/11/2016,1,285,306,4,Wednesday-Weekday,Wednesday,Weekday
1503960366,5/10/2016,1,383,403,3,Tuesday-Weekday,Tuesday,Weekday
1503960366,4/28/2016,1,366,393,5,Thursday-Weekday,Thursday,Weekday
1503960366,5/3/2016,1,273,296,3,Tuesday-Weekday,Tuesday,Weekday
1503960366,4/15/2016,1,412,442,6,Friday-Weekday,Friday,Weekday
1503960366,4/29/2016,1,341,354,6,Friday-Weekday,Friday,Weekday
1503960366,4/24/2016,1,430,449,1,Sunday-Weekend,Sunday,Weekend
1503960366,4/30/2016,1,404,425,7,Saturday-Weekend,Saturday,Weekend
1503960366,4/26/2016,1,245,274,3,Tuesday-Weekday,Tuesday,Weekday
1503960366,5/8/2016,1,594,611,1,Sunday-Weekend,Sunday,Weekend
1503960366,4/19/2016,1,304,320,3,Tuesday-Weekday,Tuesday,Weekday
2347167796,4/24/2016,1,442,459,1,Sunday-Weekend,Sunday,Weekend
2347167796,4/29/2016,1,411,473,6,Friday-Weekday,Friday,Weekday
2347167796,4/15/2016,1,452,504,6,Friday-Weekday,Friday,Weekday
2347167796,4/25/2016,1,433,471,2,Monday-Weekday,Monday,Weekday
2347167796,4/14/2016,1,445,489,5,Thursday-Weekday,Thursday,Weekday
2347167796,4/26/2016,1,436,490,3,Tuesday-Weekday,Tuesday,Weekday
2347167796,4/28/2016,1,408,450,5,Thursday-Weekday,Thursday,Weekday
2347167796,4/22/2016,1,405,461,6,Friday-Weekday,Friday,Weekday
2347167796,4/18/2016,1,500,557,2,Monday-Weekday,Monday,Weekday
2347167796,4/19/2016,1,465,514,3,Tuesday-Weekday,Tuesday,Weekday
2347167796,4/23/2016,1,374,386,7,Saturday-Weekend,Saturday,Weekend
2347167796,4/17/2016,1,556,602,1,Sunday-Weekend,Sunday,Weekend
2347167796,4/21/2016,1,460,484,5,Thursday-Weekday,Thursday,Weekday
2347167796,4/13/2016,1,467,531,4,Wednesday-Weekday,Wednesday,Weekday
2347167796,4/27/2016,1,448,499,4,Wednesday-Weekday,Wednesday,Weekday
4388161847,4/23/2016,1,478,501,7,Saturday-Weekend,Saturday,Weekend
4388161847,5/11/2016,1,469,494,4,Wednesday-Weekday,Wednesday,Weekday
4388161847,4/15/2016,1,499,526,6,Friday-Weekday,Friday,Weekday
4388161847,4/20/2016,1,421,451,4,Wednesday-Weekday,Wednesday,Weekday
4388161847,4/22/2016,1,82,85,6,Friday-Weekday,Friday,Weekday
4388161847,5/7/2016,1,472,496,7,Saturday-Weekend,Saturday,Weekend
4388161847,4/27/2016,1,439,500,4,Wednesday-Weekday,Wednesday,Weekday
4388161847,5/4/2016,1,390,414,4,Wednesday-Weekday,Wednesday,Weekday
4388161847,4/18/2016,1,99,104,2,Monday-Weekday,Monday,Weekday
4388161847,4/21/2016,1,442,458,5,Thursday-Weekday,Thursday,Weekday
4388161847,5/5/2016,1,471,495,5,Thursday-Weekday,Thursday,Weekday
4388161847,5/10/2016,1,354,375,3,Tuesday-Weekday,Tuesday,Weekday
4388161847,5/9/2016,1,62,65,2,Monday-Weekday,Monday,Weekday
4388161847,4/26/2016,1,319,346,3,Tuesday-Weekday,Tuesday,Weekday
4388161847,4/28/2016,1,428,458,5,Thursday-Weekday,Thursday,Weekday
4388161847,4/19/2016,1,329,338,3,Tuesday-Weekday,Tuesday,Weekday
4388161847,5/1/2016,1,547,597,1,Sunday-Weekend,Sunday,Weekend
6775888955,4/14/2016,1,423,441,5,Thursday-Weekday,Thursday,Weekday
6775888955,4/13/2016,1,235,260,4,Wednesday-Weekday,Wednesday,Weekday
6775888955,4/15/2016,1,391,406,6,Friday-Weekday,Friday,Weekday
5553957443,5/4/2016,1,447,470,4,Wednesday-Weekday,Wednesday,Weekday
5553957443,4/15/2016,1,377,409,6,Friday-Weekday,Friday,Weekday
5553957443,5/7/2016,1,442,470,7,Saturday-Weekend,Saturday,Weekend
5553957443,4/22/2016,1,322,353,6,Friday-Weekday,Friday,Weekday
5553957443,4/28/2016,1,421,457,5,Thursday-Weekday,Thursday,Weekday
5553957443,5/5/2016,1,419,464,5,Thursday-Weekday,Thursday,Weekday
5553957443,4/27/2016,1,347,391,4,Wednesday-Weekday,Wednesday,Weekday
5553957443,5/10/2016,1,418,443,3,Tuesday-Weekday,Tuesday,Weekday
5553957443,4/26/2016,1,412,453,3,Tuesday-Weekday,Tuesday,Weekday
5553957443,5/11/2016,1,463,486,4,Wednesday-Weekday,Wednesday,Weekday
5553957443,5/8/2016,1,568,608,1,Sunday-Weekend,Sunday,Weekend
5553957443,5/12/2016,1,438,475,5,Thursday-Weekday,Thursday,Weekday
5553957443,4/12/2016,1,441,464,3,Tuesday-Weekday,Tuesday,Weekday
5553957443,4/29/2016,1,450,495,6,Friday-Weekday,Friday,Weekday
5553957443,4/21/2016,1,399,431,5,Thursday-Weekday,Thursday,Weekday
5553957443,5/6/2016,1,400,434,6,Friday-Weekday,Friday,Weekday
5553957443,5/3/2016,1,380,429,3,Tuesday-Weekday,Tuesday,Weekday
5553957443,4/20/2016,1,658,678,4,Wednesday-Weekday,Wednesday,Weekday
5553957443,4/25/2016,1,433,468,2,Monday-Weekday,Monday,Weekday
5553957443,4/17/2016,1,350,402,1,Sunday-Weekend,Sunday,Weekend
5553957443,4/19/2016,1,357,410,3,Tuesday-Weekday,Tuesday,Weekday
5553957443,5/9/2016,1,453,494,2,Monday-Weekday,Monday,Weekday
5553957443,4/14/2016,1,357,418,5,Thursday-Weekday,Thursday,Weekday
5553957443,5/2/2016,1,409,471,2,Monday-Weekday,Monday,Weekday
7086361926,5/8/2016,1,481,510,1,Sunday-Weekend,Sunday,Weekend
7086361926,4/14/2016,1,472,476,5,Thursday-Weekday,Thursday,Weekday
7086361926,5/1/2016,1,388,407,1,Sunday-Weekend,Sunday,Weekend
7086361926,4/20/2016,1,492,502,4,Wednesday-Weekday,Wednesday,Weekday
7086361926,4/26/2016,1,485,500,3,Tuesday-Weekday,Tuesday,Weekday
7086361926,4/13/2016,1,451,465,4,Wednesday-Weekday,Wednesday,Weekday
7086361926,4/30/2016,1,485,489,7,Saturday-Weekend,Saturday,Weekend
7086361926,5/11/2016,1,451,463,4,Wednesday-Weekday,Wednesday,Weekday
7086361926,4/19/2016,1,472,483,3,Tuesday-Weekday,Tuesday,Weekday
7086361926,5/4/2016,1,420,436,4,Wednesday-Weekday,Wednesday,Weekday
7086361926,5/3/2016,1,456,461,3,Tuesday-Weekday,Tuesday,Weekday
7086361926,4/22/2016,1,428,448,6,Friday-Weekday,Friday,Weekday
7086361926,4/28/2016,1,354,367,5,Thursday-Weekday,Thursday,Weekday
7086361926,4/24/2016,1,681,704,1,Sunday-Weekend,Sunday,Weekend
7086361926,5/6/2016,1,322,333,6,Friday-Weekday,Friday,Weekday
7086361926,4/15/2016,1,377,386,6,Friday-Weekday,Friday,Weekday
7086361926,4/21/2016,1,390,411,5,Thursday-Weekday,Thursday,Weekday
7086361926,5/7/2016,1,530,548,7,Saturday-Weekend,Saturday,Weekend
7086361926,4/25/2016,1,446,447,2,Monday-Weekday,Monday,Weekday
7086361926,5/2/2016,1,440,459,2,Monday-Weekday,Monday,Weekday
7086361926,5/9/2016,1,427,438,2,Monday-Weekday,Monday,Weekday
7086361926,5/12/2016,1,444,457,5,Thursday-Weekday,Thursday,Weekday
7086361926,4/12/2016,1,514,525,3,Tuesday-Weekday,Tuesday,Weekday
7086361926,4/27/2016,1,469,479,4,Wednesday-Weekday,Wednesday,Weekday
5577150313,4/14/2016,1,477,497,5,Thursday-Weekday,Thursday,Weekday
5577150313,4/18/2016,1,527,553,2,Monday-Weekday,Monday,Weekday
5577150313,4/21/2016,1,414,437,5,Thursday-Weekday,Thursday,Weekday
5577150313,5/5/2016,1,74,78,5,Thursday-Weekday,Thursday,Weekday
5577150313,4/13/2016,1,432,458,4,Wednesday-Weekday,Wednesday,Weekday
5577150313,4/22/2016,1,338,366,6,Friday-Weekday,Friday,Weekday
5577150313,5/1/2016,1,379,398,1,Sunday-Weekend,Sunday,Weekend
5577150313,5/10/2016,1,504,562,3,Tuesday-Weekday,Tuesday,Weekday
5577150313,4/30/2016,1,412,433,7,Saturday-Weekend,Saturday,Weekend
5577150313,4/16/2016,1,406,445,7,Saturday-Weekend,Saturday,Weekend
5577150313,5/3/2016,1,508,543,3,Tuesday-Weekday,Tuesday,Weekday
5577150313,4/28/2016,1,361,372,5,Thursday-Weekday,Thursday,Weekday
5577150313,4/25/2016,1,421,461,2,Monday-Weekday,Monday,Weekday
5577150313,4/26/2016,1,354,377,3,Tuesday-Weekday,Tuesday,Weekday
5577150313,4/27/2016,1,424,452,4,Wednesday-Weekday,Wednesday,Weekday
5577150313,4/29/2016,1,459,485,6,Friday-Weekday,Friday,Weekday
5577150313,4/12/2016,1,419,438,3,Tuesday-Weekday,Tuesday,Weekday
5577150313,5/4/2016,1,603,634,4,Wednesday-Weekday,Wednesday,Weekday
5577150313,4/15/2016,1,392,413,6,Friday-Weekday,Friday,Weekday
5577150313,4/23/2016,1,384,402,7,Saturday-Weekend,Saturday,Weekend
5577150313,5/11/2016,1,431,476,4,Wednesday-Weekday,Wednesday,Weekday
5577150313,4/20/2016,1,447,480,4,Wednesday-Weekday,Wednesday,Weekday
5577150313,4/24/2016,1,543,615,1,Sunday-Weekend,Sunday,Weekend
5577150313,4/17/2016,1,549,583,1,Sunday-Weekend,Sunday,Weekend
5577150313,4/19/2016,1,449,465,3,Tuesday-Weekday,Tuesday,Weekday
4445114986,5/10/2016,1,405,426,3,Tuesday-Weekday,Tuesday,Weekday
4445114986,4/14/2016,1,441,492,5,Thursday-Weekday,Thursday,Weekday
4445114986,4/28/2016,1,419,442,5,Thursday-Weekday,Thursday,Weekday
4445114986,4/20/2016,1,439,462,4,Wednesday-Weekday,Wednesday,Weekday
4445114986,4/30/2016,1,322,353,7,Saturday-Weekend,Saturday,Weekend
4445114986,4/21/2016,1,436,469,5,Thursday-Weekday,Thursday,Weekday
4445114986,4/27/2016,1,332,374,4,Wednesday-Weekday,Wednesday,Weekday
4445114986,5/9/2016,1,457,533,2,Monday-Weekday,Monday,Weekday
4445114986,4/16/2016,1,462,499,7,Saturday-Weekend,Saturday,Weekend
4445114986,4/17/2016,1,98,107,1,Sunday-Weekend,Sunday,Weekend
4445114986,5/11/2016,1,499,530,4,Wednesday-Weekday,Wednesday,Weekday
4445114986,5/2/2016,1,502,542,2,Monday-Weekday,Monday,Weekday
4445114986,4/25/2016,1,328,345,2,Monday-Weekday,Monday,Weekday
4445114986,4/22/2016,1,388,417,6,Friday-Weekday,Friday,Weekday
4445114986,4/29/2016,1,106,108,6,Friday-Weekday,Friday,Weekday
4445114986,5/8/2016,1,361,391,1,Sunday-Weekend,Sunday,Weekend
4445114986,5/12/2016,1,483,501,5,Thursday-Weekday,Thursday,Weekday
4020332650,5/3/2016,1,322,332,3,Tuesday-Weekday,Tuesday,Weekday
4020332650,5/5/2016,1,226,248,5,Thursday-Weekday,Thursday,Weekday
4020332650,4/12/2016,1,501,541,3,Tuesday-Weekday,Tuesday,Weekday
4020332650,4/16/2016,1,77,77,7,Saturday-Weekend,Saturday,Weekend
4020332650,5/4/2016,1,478,536,4,Wednesday-Weekday,Wednesday,Weekday
4020332650,5/8/2016,1,364,402,1,Sunday-Weekend,Sunday,Weekend
4020332650,5/10/2016,1,442,494,3,Tuesday-Weekday,Tuesday,Weekday
4020332650,5/6/2016,1,385,408,6,Friday-Weekday,Friday,Weekday
6117666160,5/9/2016,1,492,522,2,Monday-Weekday,Monday,Weekday
6117666160,4/29/2016,1,600,636,6,Friday-Weekday,Friday,Weekday
6117666160,5/5/2016,1,392,415,5,Thursday-Weekday,Thursday,Weekday
6117666160,5/1/2016,1,507,575,1,Sunday-Weekend,Sunday,Weekend
6117666160,4/16/2016,1,380,398,7,Saturday-Weekend,Saturday,Weekend
6117666160,4/21/2016,1,508,550,5,Thursday-Weekday,Thursday,Weekday
6117666160,4/24/2016,1,353,367,1,Sunday-Weekend,Sunday,Weekend
6117666160,4/20/2016,1,474,502,4,Wednesday-Weekday,Wednesday,Weekday
6117666160,4/27/2016,1,542,557,4,Wednesday-Weekday,Wednesday,Weekday
6117666160,4/23/2016,1,492,539,7,Saturday-Weekend,Saturday,Weekend
6117666160,4/28/2016,1,393,416,5,Thursday-Weekday,Thursday,Weekday
6117666160,5/8/2016,1,555,603,1,Sunday-Weekend,Sunday,Weekend
6117666160,4/19/2016,1,465,492,3,Tuesday-Weekday,Tuesday,Weekday
6117666160,4/22/2016,1,480,546,6,Friday-Weekday,Friday,Weekday
8378563200,5/1/2016,1,475,539,1,Sunday-Weekend,Sunday,Weekend
8378563200,4/29/2016,1,527,562,6,Friday-Weekday,Friday,Weekday
8378563200,5/2/2016,1,351,385,2,Monday-Weekday,Monday,Weekday
8378563200,4/23/2016,1,565,591,7,Saturday-Weekend,Saturday,Weekend
8378563200,5/8/2016,1,545,606,1,Sunday-Weekend,Sunday,Weekend
8378563200,4/21/2016,1,396,417,5,Thursday-Weekday,Thursday,Weekday
8378563200,4/26/2016,1,550,584,3,Tuesday-Weekday,Tuesday,Weekday
8378563200,5/5/2016,1,381,417,5,Thursday-Weekday,Thursday,Weekday
8378563200,5/11/2016,1,368,387,4,Wednesday-Weekday,Wednesday,Weekday
8378563200,4/24/2016,1,458,492,1,Sunday-Weekend,Sunday,Weekend
8378563200,4/25/2016,1,388,402,2,Monday-Weekday,Monday,Weekday
8378563200,4/18/2016,1,398,451,2,Monday-Weekday,Monday,Weekday
8378563200,5/4/2016,1,441,477,4,Wednesday-Weekday,Wednesday,Weekday
8378563200,4/19/2016,1,387,421,3,Tuesday-Weekday,Tuesday,Weekday
8378563200,4/14/2016,1,424,455,5,Thursday-Weekday,Thursday,Weekday
8378563200,4/12/2016,1,338,356,3,Tuesday-Weekday,Tuesday,Weekday
8378563200,5/10/2016,1,342,391,3,Tuesday-Weekday,Tuesday,Weekday
8378563200,4/30/2016,1,468,555,7,Saturday-Weekend,Saturday,Weekend
8378563200,4/28/2016,1,506,556,5,Thursday-Weekday,Thursday,Weekday
8378563200,5/12/2016,1,496,546,5,Thursday-Weekday,Thursday,Weekday
8378563200,4/15/2016,1,513,533,6,Friday-Weekday,Friday,Weekday
8378563200,5/3/2016,1,405,429,3,Tuesday-Weekday,Tuesday,Weekday
8378563200,5/6/2016,1,323,355,6,Friday-Weekday,Friday,Weekday
8378563200,5/9/2016,1,359,399,2,Monday-Weekday,Monday,Weekday
8378563200,4/22/2016,1,441,469,6,Friday-Weekday,Friday,Weekday
8378563200,4/27/2016,1,531,600,4,Wednesday-Weekday,Wednesday,Weekday
8378563200,4/20/2016,1,381,409,4,Wednesday-Weekday,Wednesday,Weekday
2026352035,4/30/2016,1,573,607,7,Saturday-Weekend,Saturday,Weekend
2026352035,5/8/2016,1,541,568,1,Sunday-Weekend,Sunday,Weekend
2026352035,4/27/2016,1,508,545,4,Wednesday-Weekday,Wednesday,Weekday
2026352035,5/9/2016,1,531,556,2,Monday-Weekday,Monday,Weekday
2026352035,5/2/2016,1,511,543,2,Monday-Weekday,Monday,Weekday
2026352035,4/15/2016,1,523,573,6,Friday-Weekday,Friday,Weekday
2026352035,4/12/2016,1,503,546,3,Tuesday-Weekday,Tuesday,Weekday
2026352035,5/11/2016,1,523,553,4,Wednesday-Weekday,Wednesday,Weekday
2026352035,5/6/2016,1,524,548,6,Friday-Weekday,Friday,Weekday
2026352035,4/20/2016,1,461,510,4,Wednesday-Weekday,Wednesday,Weekday
2026352035,4/23/2016,1,522,554,7,Saturday-Weekend,Saturday,Weekend
2026352035,5/7/2016,1,511,521,7,Saturday-Weekend,Saturday,Weekend
2026352035,4/14/2016,1,545,568,5,Thursday-Weekday,Thursday,Weekday
2026352035,4/25/2016,1,506,531,2,Monday-Weekday,Monday,Weekday
2026352035,5/1/2016,1,527,546,1,Sunday-Weekend,Sunday,Weekend
2026352035,5/10/2016,1,357,380,3,Tuesday-Weekday,Tuesday,Weekday
2026352035,4/21/2016,1,477,514,5,Thursday-Weekday,Thursday,Weekday
2026352035,4/29/2016,1,490,510,6,Friday-Weekday,Friday,Weekday
2026352035,4/19/2016,1,498,540,3,Tuesday-Weekday,Tuesday,Weekday
2026352035,4/28/2016,1,513,545,5,Thursday-Weekday,Thursday,Weekday
2026352035,4/22/2016,1,520,545,6,Friday-Weekday,Friday,Weekday
2026352035,4/13/2016,1,531,565,4,Wednesday-Weekday,Wednesday,Weekday
2026352035,4/17/2016,1,437,498,1,Sunday-Weekend,Sunday,Weekend
2026352035,5/5/2016,1,468,485,5,Thursday-Weekday,Thursday,Weekday
2026352035,5/4/2016,1,538,560,4,Wednesday-Weekday,Wednesday,Weekday
2026352035,4/24/2016,1,555,591,1,Sunday-Weekend,Sunday,Weekend
2026352035,4/16/2016,1,524,567,7,Saturday-Weekend,Saturday,Weekend
2026352035,5/12/2016,1,456,485,5,Thursday-Weekday,Thursday,Weekday
7007744171,5/1/2016,1,58,61,1,Sunday-Weekend,Sunday,Weekend
7007744171,4/16/2016,1,79,82,7,Saturday-Weekend,Saturday,Weekend
1927972279,4/13/2016,1,398,422,4,Wednesday-Weekday,Wednesday,Weekday
1927972279,4/28/2016,1,166,178,5,Thursday-Weekday,Thursday,Weekday
1927972279,4/26/2016,1,296,315,3,Tuesday-Weekday,Tuesday,Weekday
8792009665,4/20/2016,1,528,547,4,Wednesday-Weekday,Wednesday,Weekday
8792009665,5/1/2016,1,503,527,1,Sunday-Weekend,Sunday,Weekend
8792009665,4/30/2016,1,343,360,7,Saturday-Weekend,Saturday,Weekend
8792009665,4/29/2016,1,398,406,6,Friday-Weekday,Friday,Weekday
8792009665,4/23/2016,1,339,360,7,Saturday-Weekend,Saturday,Weekend
8792009665,5/2/2016,1,415,423,2,Monday-Weekday,Monday,Weekday
8792009665,4/14/2016,1,486,503,5,Thursday-Weekday,Thursday,Weekday
8792009665,4/28/2016,1,402,416,5,Thursday-Weekday,Thursday,Weekday
8792009665,4/22/2016,1,391,407,6,Friday-Weekday,Friday,Weekday
8792009665,4/13/2016,1,531,552,4,Wednesday-Weekday,Wednesday,Weekday
8792009665,5/3/2016,1,516,545,3,Tuesday-Weekday,Tuesday,Weekday
8792009665,5/4/2016,1,439,463,4,Wednesday-Weekday,Wednesday,Weekday
8792009665,4/27/2016,1,423,428,4,Wednesday-Weekday,Wednesday,Weekday
8792009665,4/12/2016,1,458,493,3,Tuesday-Weekday,Tuesday,Weekday
8792009665,4/15/2016,1,363,377,6,Friday-Weekday,Friday,Weekday
6962181067,5/2/2016,1,466,482,2,Monday-Weekday,Monday,Weekday
6962181067,4/22/2016,1,425,435,6,Friday-Weekday,Friday,Weekday
6962181067,4/25/2016,1,400,415,2,Monday-Weekday,Monday,Weekday
6962181067,5/12/2016,1,516,535,5,Thursday-Weekday,Thursday,Weekday
6962181067,5/3/2016,1,394,418,3,Tuesday-Weekday,Tuesday,Weekday
6962181067,4/16/2016,1,357,366,7,Saturday-Weekend,Saturday,Weekend
6962181067,4/19/2016,1,476,535,3,Tuesday-Weekday,Tuesday,Weekday
6962181067,4/20/2016,1,418,424,4,Wednesday-Weekday,Wednesday,Weekday
6962181067,4/21/2016,1,451,457,5,Thursday-Weekday,Thursday,Weekday
6962181067,4/15/2016,1,370,386,6,Friday-Weekday,Friday,Weekday
6962181067,4/24/2016,1,511,514,1,Sunday-Weekend,Sunday,Weekend
6962181067,4/26/2016,1,441,446,3,Tuesday-Weekday,Tuesday,Weekday
6962181067,5/10/2016,1,469,481,3,Tuesday-Weekday,Tuesday,Weekday
6962181067,5/7/2016,1,298,334,7,Saturday-Weekend,Saturday,Weekend
6962181067,4/18/2016,1,442,458,2,Monday-Weekday,Monday,Weekday
6962181067,5/4/2016,1,442,455,4,Wednesday-Weekday,Wednesday,Weekday
6962181067,4/28/2016,1,440,453,5,Thursday-Weekday,Thursday,Weekday
6962181067,5/9/2016,1,489,497,2,Monday-Weekday,Monday,Weekday
6962181067,4/27/2016,1,455,467,4,Wednesday-Weekday,Wednesday,Weekday
6962181067,5/11/2016,1,452,480,4,Wednesday-Weekday,Wednesday,Weekday
6962181067,4/29/2016,1,433,447,6,Friday-Weekday,Friday,Weekday
6962181067,4/17/2016,1,427,446,1,Sunday-Weekend,Sunday,Weekend
6962181067,5/8/2016,1,541,569,1,Sunday-Weekend,Sunday,Weekend
6962181067,4/30/2016,1,422,424,7,Saturday-Weekend,Saturday,Weekend
6962181067,4/12/2016,1,366,387,3,Tuesday-Weekday,Tuesday,Weekday
6962181067,4/23/2016,1,528,546,7,Saturday-Weekend,Saturday,Weekend
6962181067,5/1/2016,1,411,426,1,Sunday-Weekend,Sunday,Weekend
6962181067,5/5/2016,1,467,491,5,Thursday-Weekday,Thursday,Weekday
6962181067,5/6/2016,1,443,462,6,Friday-Weekday,Friday,Weekday
3977333714,4/15/2016,1,424,556,6,Friday-Weekday,Friday,Weekday
3977333714,4/28/2016,1,261,423,5,Thursday-Weekday,Thursday,Weekday
3977333714,4/16/2016,1,283,510,7,Saturday-Weekend,Saturday,Weekend
3977333714,4/24/2016,1,310,526,1,Sunday-Weekend,Sunday,Weekend
3977333714,4/23/2016,1,235,372,7,Saturday-Weekend,Saturday,Weekend
3977333714,4/30/2016,1,237,382,7,Saturday-Weekend,Saturday,Weekend
3977333714,4/19/2016,1,219,395,3,Tuesday-Weekday,Tuesday,Weekday
3977333714,5/6/2016,1,323,512,6,Friday-Weekday,Friday,Weekday
3977333714,5/3/2016,1,292,500,3,Tuesday-Weekday,Tuesday,Weekday
3977333714,4/27/2016,1,349,540,4,Wednesday-Weekday,Wednesday,Weekday
3977333714,4/26/2016,1,250,371,3,Tuesday-Weekday,Tuesday,Weekday
3977333714,5/1/2016,1,383,626,1,Sunday-Weekend,Sunday,Weekend
3977333714,5/7/2016,1,237,443,7,Saturday-Weekend,Saturday,Weekend
3977333714,4/17/2016,1,381,566,1,Sunday-Weekend,Sunday,Weekend
3977333714,4/29/2016,1,333,478,6,Friday-Weekday,Friday,Weekday
3977333714,4/14/2016,1,291,397,5,Thursday-Weekday,Thursday,Weekday
3977333714,4/21/2016,1,332,512,5,Thursday-Weekday,Thursday,Weekday
3977333714,5/2/2016,1,230,384,2,Monday-Weekday,Monday,Weekday
3977333714,5/10/2016,1,312,452,3,Tuesday-Weekday,Tuesday,Weekday
3977333714,4/25/2016,1,262,467,2,Monday-Weekday,Monday,Weekday
3977333714,5/4/2016,1,213,336,4,Wednesday-Weekday,Wednesday,Weekday
3977333714,4/22/2016,1,355,476,6,Friday-Weekday,Friday,Weekday
3977333714,4/12/2016,1,274,469,3,Tuesday-Weekday,Tuesday,Weekday
3977333714,5/5/2016,1,318,480,5,Thursday-Weekday,Thursday,Weekday
4702921684,5/3/2016,1,327,373,3,Tuesday-Weekday,Tuesday,Weekday
4702921684,5/10/2016,1,416,431,3,Tuesday-Weekday,Tuesday,Weekday
4702921684,5/11/2016,1,354,366,4,Wednesday-Weekday,Wednesday,Weekday
4702921684,4/15/2016,1,253,257,6,Friday-Weekday,Friday,Weekday
4702921684,4/19/2016,1,457,487,3,Tuesday-Weekday,Tuesday,Weekday
4702921684,4/27/2016,1,432,449,4,Wednesday-Weekday,Wednesday,Weekday
4702921684,4/18/2016,1,293,312,2,Monday-Weekday,Monday,Weekday
4702921684,5/4/2016,1,412,434,4,Wednesday-Weekday,Wednesday,Weekday
4702921684,4/23/2016,1,465,475,7,Saturday-Weekend,Saturday,Weekend
4702921684,4/24/2016,1,480,506,1,Sunday-Weekend,Sunday,Weekend
4702921684,4/28/2016,1,442,461,5,Thursday-Weekday,Thursday,Weekday
4702921684,5/9/2016,1,435,458,2,Monday-Weekday,Monday,Weekday
4702921684,4/17/2016,1,591,612,1,Sunday-Weekend,Sunday,Weekend
4702921684,5/5/2016,1,414,428,5,Thursday-Weekday,Thursday,Weekday
4702921684,5/6/2016,1,404,449,6,Friday-Weekday,Friday,Weekday
4702921684,5/12/2016,1,404,442,5,Thursday-Weekday,Thursday,Weekday
4702921684,4/14/2016,1,384,415,5,Thursday-Weekday,Thursday,Weekday
4702921684,4/25/2016,1,370,380,2,Monday-Weekday,Monday,Weekday
4702921684,4/26/2016,1,421,429,3,Tuesday-Weekday,Tuesday,Weekday
4702921684,4/29/2016,1,433,447,6,Friday-Weekday,Friday,Weekday
4702921684,4/30/2016,1,479,501,7,Saturday-Weekend,Saturday,Weekend
4702921684,4/20/2016,1,454,468,4,Wednesday-Weekday,Wednesday,Weekday
4702921684,4/21/2016,1,425,434,5,Thursday-Weekday,Thursday,Weekday
4702921684,4/12/2016,1,425,439,3,Tuesday-Weekday,Tuesday,Weekday
4702921684,5/7/2016,1,520,543,7,Saturday-Weekend,Saturday,Weekend
1844505072,5/1/2016,1,590,961,1,Sunday-Weekend,Sunday,Weekend
1844505072,4/30/2016,1,722,961,7,Saturday-Weekend,Saturday,Weekend
1844505072,4/15/2016,1,644,961,6,Friday-Weekday,Friday,Weekday
4319703577,4/19/2016,2,461,498,3,Tuesday-Weekday,Tuesday,Weekday
1503960366,4/16/2016,2,340,367,7,Saturday-Weekend,Saturday,Weekend
1503960366,4/13/2016,2,384,407,4,Wednesday-Weekday,Wednesday,Weekday
4388161847,5/2/2016,2,368,376,2,Monday-Weekday,Monday,Weekday
4388161847,4/30/2016,2,409,430,7,Saturday-Weekend,Saturday,Weekend
4388161847,4/16/2016,2,426,448,7,Saturday-Weekend,Saturday,Weekend
4388161847,5/8/2016,2,529,541,1,Sunday-Weekend,Sunday,Weekend
4388161847,4/17/2016,2,619,641,1,Sunday-Weekend,Sunday,Weekend
5553957443,4/23/2016,2,631,725,7,Saturday-Weekend,Saturday,Weekend
5553957443,4/13/2016,2,455,488,4,Wednesday-Weekday,Wednesday,Weekday
5553957443,5/1/2016,2,622,686,1,Sunday-Weekend,Sunday,Weekend
5553957443,4/30/2016,2,775,843,7,Saturday-Weekend,Saturday,Weekend
5553957443,4/24/2016,2,553,640,1,Sunday-Weekend,Sunday,Weekend
5553957443,4/18/2016,2,520,541,2,Monday-Weekday,Monday,Weekday
5553957443,4/16/2016,2,651,686,7,Saturday-Weekend,Saturday,Weekend
5577150313,5/2/2016,2,525,553,2,Monday-Weekday,Monday,Weekday
4445114986,5/4/2016,2,337,363,4,Wednesday-Weekday,Wednesday,Weekday
4445114986,4/19/2016,2,388,424,3,Tuesday-Weekday,Tuesday,Weekday
4445114986,4/12/2016,2,429,457,3,Tuesday-Weekday,Tuesday,Weekday
4445114986,5/1/2016,2,439,459,1,Sunday-Weekend,Sunday,Weekend
4445114986,5/5/2016,2,462,513,5,Thursday-Weekday,Thursday,Weekday
4445114986,5/6/2016,2,374,402,6,Friday-Weekday,Friday,Weekday
4445114986,5/7/2016,2,401,436,7,Saturday-Weekend,Saturday,Weekend
4445114986,5/3/2016,2,417,450,3,Tuesday-Weekday,Tuesday,Weekday
4445114986,4/26/2016,2,353,391,3,Tuesday-Weekday,Tuesday,Weekday
4445114986,4/15/2016,2,337,379,6,Friday-Weekday,Friday,Weekday
4445114986,4/13/2016,2,370,406,4,Wednesday-Weekday,Wednesday,Weekday
6117666160,5/6/2016,2,658,698,6,Friday-Weekday,Friday,Weekday
6117666160,5/7/2016,2,498,507,7,Saturday-Weekend,Saturday,Weekend
6117666160,4/17/2016,2,336,350,1,Sunday-Weekend,Sunday,Weekend
6117666160,4/18/2016,2,493,510,2,Monday-Weekday,Monday,Weekday
8378563200,4/13/2016,2,447,487,4,Wednesday-Weekday,Wednesday,Weekday
8378563200,4/17/2016,2,525,591,1,Sunday-Weekend,Sunday,Weekend
8378563200,4/16/2016,2,611,689,7,Saturday-Weekend,Saturday,Weekend
8378563200,5/7/2016,2,459,513,7,Saturday-Weekend,Saturday,Weekend
1927972279,4/15/2016,2,475,499,6,Friday-Weekday,Friday,Weekday
6962181067,4/14/2016,2,508,535,5,Thursday-Weekday,Thursday,Weekday
3977333714,4/18/2016,2,412,522,2,Monday-Weekday,Monday,Weekday
3977333714,4/13/2016,2,295,456,4,Wednesday-Weekday,Wednesday,Weekday
3977333714,5/8/2016,2,259,456,1,Sunday-Weekend,Sunday,Weekend
3977333714,4/20/2016,2,152,305,4,Wednesday-Weekday,Wednesday,Weekday
4702921684,4/13/2016,2,400,430,4,Wednesday-Weekday,Wednesday,Weekday
4702921684,4/16/2016,2,382,406,7,Saturday-Weekend,Saturday,Weekend
4388161847,4/24/2016,3,552,595,1,Sunday-Weekend,Sunday,Weekend
1927972279,4/12/2016,3,750,775,3,Tuesday-Weekday,Tuesday,Weekday
6962181067,4/13/2016,3,630,679,4,Wednesday-Weekday,Wednesday,Weekday
